255.967,188.631,130.855,
37.6608,29.8439,255.967,
255.967,101.077,101.321,
255.967,68.5994,11.4333,
182.018,255.967,245.579,
15.4423,88.9874,255.967,
68.8936,255.967,48.7603,
111.068,52.9117,255.967,
217.156,16.8929,255.967,
195.825,106.871,255.967,
255.967,163.565,148.187,
255.967,133.535,97.1557,
69.1416,133.661,255.967,
71.4307,134.182,255.967,
224.955,255.967,153.08,
255.967,78.8511,230.445,
218.311,61.0766,255.967,
21.7368,255.967,219.721,
108.019,255.967,10.3484,
231.631,238.36,255.967,
255.967,2.861,10.3056,
95.1863,255.967,3.16818,
133.685,233.96,255.967,
255.967,0.424616,69.5736,
137.886,255.967,18.4003,
20.2276,250.883,255.967,
204.196,210.982,255.967,
198.074,255.967,99.6389,
255.967,90.0452,164.199,
115.521,255.967,199.139,
255.967,185.811,142.933,
9.82027,67.4085,255.967,
65.8968,255.967,172.9,
255.967,112.86,97.0636,
157.291,237.777,255.967,
39.2792,165.771,255.967,
19.3649,0.854355,255.967,
162.653,35.7572,255.967,
93.4317,255.967,254.615,
198.949,148.709,255.967,
210.65,116.093,255.967,
46.3687,255.967,113.516,
255.967,152.032,186.528,
120.685,255.967,100.576,
255.967,132.752,83.5877,
81.5357,0.188066,255.967,
64.579,255.967,66.7433,
255.967,31.5575,197.76,
255.967,48.3188,189.699,
67.0178,255.967,11.8605,
19.9677,255.967,207.601,
255.967,154.096,110.206,
255.967,103.716,83.4057,
255.967,212.966,19.9051,
60.0731,161.056,255.967,
255.967,46.8397,228.123,
255.967,51.3019,210.964,
242.048,255.967,212.017,
255.967,80.3588,147.363,
255.967,198.629,31.3515,
124.672,39.5203,255.967,
255.967,89.9206,168.847,
112.417,255.967,156.41,
255.967,20.3844,4.22466,
80.9214,255.967,206.22,
21.4106,255.967,75.2752,
47.8275,255.967,148.978,
106.248,255.967,238.769,
255.967,153.524,27.2718,
9.31699,255.967,55.4911,
52.1475,255.967,40.7582,
159.257,255.967,149.48,
255.967,175.799,205.744,
255.967,205.468,13.2998,
21.5916,255.967,125.64,
15.5463,235.762,255.967,
184.584,255.967,224.787,
255.967,28.843,236.794,
25.9714,255.967,148.795,
74.9792,255.967,20.3635,
255.967,40.4407,21.7843,
255.967,112.555,240.801,
255.967,177.646,66.9197,
59.6347,255.967,255.822,
255.967,212.877,169.322,
115.401,255.967,253.257,
224.253,255.967,158.959,
201.162,248.127,255.967,
236.16,115.906,255.967,
175.02,255.967,67.9278,
255.967,253.355,62.3538,
255.967,213.137,239.53,
249.656,255.967,69.9196,
114.104,160.297,255.967,
163.239,255.967,135.573,
225.115,255.967,71.7157,
78.7419,251.886,255.967,
179.551,255.967,127.387,
171.175,255.967,180.292,
116.984,170.206,255.967,
198.591,255.967,171.549,
76.9991,255.967,56.6784,
255.967,169.92,187.372,
255.967,175.682,17.4787,
81.0148,132.225,255.967,
145.561,255.967,242.599,
10.4276,255.967,222.599,
60.8716,255.967,197.058,
255.967,20.0386,132.846,
255.967,52.529,200.872,
255.967,137.743,113.552,
121.251,55.0044,255.967,
133.955,255.967,79.0583,
255.967,178.688,183.32,
15.6042,255.967,247.188,
255.967,22.6197,253.326,
255.967,56.7561,24.5945,
255.967,155.728,167.582,
255.967,183.941,89.4951,
255.967,68.3588,37.3795,
173.744,255.967,119.153,
87.5867,28.2626,255.967,
127.082,255.967,137.907,
255.967,144.382,32.9272,
169.836,255.967,181.7,
254.888,255.967,78.0386,
42.921,131.079,255.967,
197.301,222.316,255.967,
169.779,255.967,2.22482,
255.967,205.293,245.742,
255.967,223.122,57.5032,
255.967,43.9631,9.58127,
255.967,26.0149,65.1625,
255.967,102.892,114.269,
194.499,255.967,47.277,
178.009,255.967,103.778,
97.0869,99.0325,255.967,
255.967,13.5413,178.233,
160.765,255.967,247.129,
255.967,168.595,152.934,
255.967,12.6422,24.3997,
14.6313,39.1689,255.967,
164.203,255.967,150.073,
109.89,255.967,238.533,
232.647,255.967,22.2872,
255.967,182.954,241.741,
255.967,21.632,159.231,
255.967,192.097,38.8482,
251.131,204.13,255.967,
255.967,122.087,93.7123,
73.6365,255.967,36.1726,
255.967,80.6613,190.611,
255.967,130.067,134.108,
48.6726,201.375,255.967,
250.857,255.967,191.38,
52.1386,255.967,179.218,
254.049,192.436,255.967,
24.344,255.967,167.922,
60.9177,41.7474,255.967,
142.686,94.9314,255.967,
203.522,255.967,254.355,
255.967,3.51054,164.346,
255.967,147.345,82.7661,
255.967,0.0424866,237.075,
171.366,181.098,255.967,
255.967,148.749,153.665,
104.992,255.967,195.571,
119.552,255.967,247.698,
117.238,255.967,187.033,
192.525,255.967,91.6635,
213.738,255.967,9.01529,
64.2742,219.844,255.967,
107.921,255.967,3.94325,
255.967,33.4751,10.9973,
160.151,255.967,33.6915,
255.967,17.3041,91.6971,
46.9702,211.33,255.967,
191.292,74.2071,255.967,
255.967,134.931,236.592,
255.967,17.9226,231.31,
11.48,255.967,221.451,
194.729,112.758,255.967,
146.984,52.8447,255.967,
196.384,255.967,151.932,
65.2441,255.967,62.1053,
255.967,73.3191,83.3838,
60.3567,159.358,255.967,
95.481,33.6285,255.967,
255.967,183.773,195.698,
19.3143,118.832,255.967,
255.967,211.331,236.077,
71.5853,255.967,24.5813,
231.511,255.967,7.50251,
255.967,120.51,84.8579,
41.3153,172.96,255.967,
210.01,169.78,255.967,
192.972,62.2033,255.967,
188.102,255.967,11.9123,
249.458,255.967,173.363,
144.527,255.967,111.648,
253.779,255.967,193.511,
155.977,255.967,11.2739,
255.967,166.699,176.214,
255.967,124.364,128.58,
5.76904,255.967,227.332,
104.004,255.967,228.637,
45.2875,21.6159,255.967,
255.967,29.7572,249.809,
12.9917,255.967,138.364,
72.6052,255.967,135.099,
255.967,34.8984,66.2858,
50.644,255.967,245.244,
244.138,255.967,131.214,
180.87,255.967,71.7715,
18.92,255.967,113.058,
255.967,33.7073,59.0859,
195.911,255.967,184.73,
192.194,255.967,87.2252,
247.414,255.967,11.9103,
255.967,32.9522,191.268,
18.2478,188.353,255.967,
106.453,255.967,165.218,
100.916,90.9636,255.967,
218.386,255.967,169.185,
92.239,66.18,255.967,
255.967,103.285,141.771,
129.411,255.967,54.3874,
253.469,255.967,41.4327,
3.64478,202.25,255.967,
116.227,255.967,22.1123,
4.93692,182.026,255.967,
83.9422,255.967,35.477,
126.251,106.216,255.967,
74.2706,168.756,255.967,
14.0374,206.134,255.967,
43.0694,255.967,1.66939,
126.449,255.967,245.058,
12.1468,98.7432,255.967,
166.069,255.967,76.2595,
119.4,223.849,255.967,
255.967,159.978,7.7325,
17.3059,195.069,255.967,
255.967,36.4051,55.968,
241.18,39.1924,255.967,
122.85,255.967,236.729,
17.8078,255.967,154.541,
78.2419,88.1644,255.967,
255.967,110.543,195.623,
19.6927,193.767,255.967,
255.967,159.26,97.0731,
255.967,225.341,116.123,
202.975,125.073,255.967,
4.62985,255.967,56.7021,
132.121,41.4422,255.967,
170.273,255.967,37.5728,
154.426,201.633,255.967,
93.0172,97.4818,255.967,
62.9623,12.659,255.967,
208.037,255.967,196.75,
6.84952,111.319,255.967,
195.499,197.018,255.967,
255.967,23.2788,87.129,
255.967,50.6101,58.5389,
88.0432,111.54,255.967,
191.852,242.644,255.967,
255.967,172.283,210.024,
39.5709,255.967,165.658,
15.7242,255.967,157.706,
255.967,60.1737,76.7763,
181.496,14.9379,255.967,
82.1515,82.0493,255.967,
255.967,108.841,208.689,
164.131,147.79,255.967,
255.967,125.915,227.16,
87.7595,255.967,211.547,
52.7723,255.967,110.8,
42.3767,211.876,255.967,
173.879,87.2788,255.967,
250.333,8.9501,255.967,
167.184,160.176,255.967,
228.798,255.967,215.755,
21.846,203.8,255.967,
58.647,255.967,69.2611,
113.487,255.967,86.1803,
255.967,209.696,50.6833,
255.967,0.821899,9.67909,
52.3772,0.364315,255.967,
255.967,118.2,209.227,
211.275,227.363,255.967,
50.7461,144.569,255.967,
230.376,208.577,255.967,
255.967,135.598,63.7862,
178.459,255.967,200.54,
255.967,228.556,194.47,
51.401,255.967,124.041,
255.967,102.338,50.2531,
255.967,234.164,215.004,
65.6373,255.967,10.5548,
242.972,255.967,253.176,
255.967,104.974,121.83,
146.105,219.083,255.967,
255.967,150.274,120.274,
254.894,133.287,255.967,
52.9366,255.967,217.872,
194.257,27.2045,255.967,
180.951,160.34,255.967,
213.036,76.3527,255.967,
31.2062,91.6258,255.967,
134.073,86.9731,255.967,
255.967,52.8759,183.456,
120.486,255.967,20.8187,
164.004,255.967,200.635,
19.9065,72.0422,255.967,
255.967,178.724,39.7527,
249.918,58.3835,255.967,
166.165,255.967,114.392,
255.967,52.7249,77.2185,
21.2751,73.6196,255.967,
53.6477,255.967,31.4038,
67.4249,174.532,255.967,
238.849,255.967,107.009,
255.967,62.4106,121.768,
255.967,255.464,223.809,
167.091,255.967,12.6267,
255.967,254.336,104.674,
255.967,254.152,121.413,
255.967,158.865,167.134,
50.5585,237.957,255.967,
226.094,35.293,255.967,
126.542,255.967,216.876,
46.4815,186.15,255.967,
255.967,40.1125,55.088,
189.409,255.967,96.9906,
148.892,255.967,56.0859,
247.522,167.474,255.967,
230.738,255.967,255.174,
77.396,93.1446,255.967,
118.336,74.7629,255.967,
85.678,196.8,255.967,
255.967,187.184,66.0802,
40.6861,255.967,81.3259,
255.967,93.1092,116.366,
44.4586,255.967,142.205,
174.431,45.3874,255.967,
212.188,206.494,255.967,
51.61,255.967,104.652,
8.2718,44.8513,255.967,
56.4784,162.625,255.967,
10.4648,130.272,255.967,
144.399,255.967,13.0159,
206.861,255.967,198.121,
146.724,255.967,146.664,
250.154,255.967,78.6583,
50.6475,250.412,255.967,
255.967,1.46167,122.917,
3.39341,17.7448,255.967,
255.967,107.265,141.248,
87.5853,83.8852,255.967,
174.697,255.967,155.194,
108.698,219.328,255.967,
255.967,211.466,167.281,
127.254,255.967,200.634,
255.967,124.579,228.985,
255.967,155.224,247.042,
255.967,158.74,88.2256,
255.967,52.5578,104.737,
48.0563,152.868,255.967,
214.107,255.967,159.696,
182.52,255.967,26.0063,
219.056,255.967,128.396,
255.967,227.253,50.7443,
244.145,255.967,59.0443,
255.967,235.354,215.967,
204.327,15.6942,255.967,
216.949,255.967,194.635,
71.3033,174.343,255.967,
255.967,112.989,73.527,
90.1654,255.967,189.599,
255.967,193.117,131.443,
255.967,131.753,204.812,
255.967,100.212,99.8749,
105.627,255.967,151.548,
255.967,219.953,151.532,
82.2591,177.554,255.967,
255.967,250.949,106.084,
255.967,79.794,85.66,
255.967,43.8823,168.71,
255.967,4.98584,235.974,
247.386,112.007,255.967,
92.124,133.417,255.967,
94.291,182.808,255.967,
255.967,229.693,103.767,
255.967,133.824,78.2797,
255.967,86.4485,250.923,
162.996,255.967,203.41,
149.461,255.967,24.5117,
255.967,146.606,167.138,
112.46,255.967,216.572,
234.142,255.967,208.322,
250.174,255.967,247.664,
235.21,255.967,214.84,
255.967,94.6667,93.172,
81.6832,234.868,255.967,
170.753,47.2504,255.967,
211.451,255.967,198.055,
130.965,255.967,200.401,
200.134,82.759,255.967,
139.808,255.967,26.8002,
48.3668,232.097,255.967,
9.61108,87.9295,255.967,
255.967,95.3485,146.502,
206.282,255.967,240.192,
126.596,249.113,255.967,
255.967,124.655,52.8353,
83.0483,255.967,34.344,
255.967,60.6209,30.0987,
10.0322,236.51,255.967,
88.1075,255.967,128.749,
211.756,255.967,203.24,
255.967,170.507,162.122,
255.967,38.6289,107.04,
157.204,255.967,25.7708,
182.095,58.5131,255.967,
69.0506,255.967,37.052,
143.431,210.353,255.967,
255.967,29.2764,133.365,
235.754,96.785,255.967,
255.967,107.066,167.836,
255.967,183.998,177.974,
82.0444,255.967,199.597,
66.0579,113.96,255.967,
255.967,65.4586,78.6604,
243.21,67.3421,255.967,
128.303,253.087,255.967,
74.5194,83.5552,255.967,
255.967,24.8669,153.126,
106.229,236.473,255.967,
255.967,123.917,77.0413,
252.213,255.967,85.6636,
36.7369,213.01,255.967,
78.1478,14.2182,255.967,
56.4697,255.967,156.021,
35.6785,230.135,255.967,
23.9971,255.967,72.2672,
98.4528,106.224,255.967,
234.456,255.967,114.239,
255.967,176.185,116.861,
255.967,223.874,146.005,
3.54496,68.9891,255.967,
63.3479,135.461,255.967,
64.9364,84.1926,255.967,
255.967,86.2475,59.3205,
76.041,255.967,140.029,
83.1912,76.6074,255.967,
54.6638,53.8213,255.967,
241.553,255.967,88.4493,
200.588,17.1855,255.967,
255.967,14.3512,226.928,
255.967,25.7513,103.34,
216.531,14.5312,255.967,
33.6161,255.967,37.0433,
184.576,255.967,25.3829,
255.967,235.944,211.021,
88.9005,84.5335,255.967,
30.0675,241.664,255.967,
117.26,255.967,53.0138,
206.248,255.967,249.238,
255.967,18.9856,124.037,
27.7888,48.3605,255.967,
255.967,97.8738,220.148,
255.967,140.713,180.503,
141.578,143.623,255.967,
114.347,255.967,203.246,
255.967,166.985,166.033,
255.967,142.649,147.887,
25.3397,255.967,47.8794,
112.864,255.967,233.342,
39.8814,255.967,110.494,
255.967,221.433,93.1987,
156.612,174.367,255.967,
219.083,255.967,90.8894,
33.736,255.967,140.448,
255.967,252.645,207.602,
239.322,255.967,29.3622,
255.967,10.1254,245.8,
255.967,48.697,28.672,
28.5403,255.967,169.429,
255.967,10.1309,93.4444,
169.62,241.4,255.967,
130.202,29.7849,255.967,
255.967,186.011,174.288,
255.967,58.0741,157.157,
255.967,71.5208,69.509,
255.967,60.3544,176.798,
191.112,156.117,255.967,
255.967,120.363,144.972,
127.838,255.967,233.668,
33.9706,25.1593,255.967,
232.466,49.6537,255.967,
175.44,34.3068,255.967,
255.967,118.42,135.818,
110.603,255.967,135.032,
218.022,255.967,185.238,
255.967,91.2971,233.527,
53.1277,10.7127,255.967,
255.967,62.8109,164.185,
89.5905,255.967,242.798,
224.283,102.059,255.967,
79.4707,176.41,255.967,
212.988,254.39,255.967,
183.226,179.583,255.967,
244.461,62.2408,255.967,
145.563,32.9605,255.967,
255.967,124.085,41.9349,
164.173,255.967,225.011,
133.404,136.668,255.967,
255.967,133.989,214.985,
127.778,255.967,138.598,
128.992,255.967,65.4062,
255.967,204.834,233.965,
1.99416,255.967,236.404,
112.441,69.5329,255.967,
25.3265,190.122,255.967,
167.153,255.967,142.827,
202.447,255.967,10.0914,
67.8865,255.967,167.234,
175.223,62.5854,255.967,
30.5011,255.967,170.747,
154.867,119.052,255.967,
198.479,221.661,255.967,
255.967,0.252372,208.391,
143.015,255.967,109.208,
255.967,204.372,196.017,
135.302,11.2907,255.967,
156.857,77.7342,255.967,
255.967,184.386,30.758,
106.178,197.668,255.967,
255.967,153.98,159.292,
53.0061,112.851,255.967,
89.4399,255.967,170.849,
66.858,22.7773,255.967,
214.946,255.967,225.781,
46.8071,93.3206,255.967,
180.924,255.967,144.161,
106.403,255.967,179.551,
111.864,106.153,255.967,
148.858,215.277,255.967,
255.967,240.859,48.5995,
176.323,155.145,255.967,
61.9509,255.967,236.9,
26.9871,255.967,33.8825,
255.967,40.7597,239.391,
52.9993,34.3021,255.967,
104.213,46.9337,255.967,
226.229,117.278,255.967,
72.6598,60.0709,255.967,
255.967,226.243,97.4125,
255.951,194.482,255.967,
147.807,255.967,51.2517,
255.967,18.01,72.5363,
255.967,4.3041,234.299,
255.967,55.6662,132.491,
255.967,203.273,77.7846,
32.303,160.125,255.967,
255.967,98.685,66.8582,
255.967,4.69586,0.118266,
140.825,255.967,173.508,
255.967,89.8277,98.1212,
169.185,240.755,255.967,
165.653,255.967,189.459,
255.967,137.444,119.062,
58.2495,255.967,17.8798,
9.65035,105.772,255.967,
46.8545,255.967,221.858,
236.242,35.2846,255.967,
83.1156,73.2424,255.967,
51.4491,255.967,25.4711,
201.787,40.7496,255.967,
158.529,255.967,55.8303,
255.967,160.328,150.119,
252.305,255.967,44.184,
102.442,13.2232,255.967,
255.967,151.095,78.8217,
225.336,228.192,255.967,
185.47,255.967,247.946,
232.558,180.88,255.967,
255.967,190.455,196.828,
11.8734,75.2664,255.967,
152.831,88.3363,255.967,
255.967,238.941,169.757,
207.379,139.554,255.967,
122.072,255.967,98.5599,
72.3579,67.8525,255.967,
18.1525,155.702,255.967,
63.5143,255.967,108.503,
16.4891,255.967,45.4343,
122.915,18.4143,255.967,
99.1263,255.967,39.0738,
186.856,174.938,255.967,
80.9689,255.967,116.998,
146.275,255.967,213.74,
255.967,247.818,165.693,
255.967,224.11,194.151,
255.967,219.404,28.8139,
248.049,255.967,237.045,
252.864,255.967,186.505,
28.0297,22.919,255.967,
4.11203,255.967,215.617,
248.179,255.967,226.391,
255.967,172.767,75.4227,
252.008,251.235,255.967,
85.475,152.706,255.967,
114.272,188,255.967,
182.501,224.435,255.967,
197.759,149.727,255.967,
255.967,45.4525,206.542,
76.8472,255.967,40.0784,
255.967,171.362,70.495,
141.391,183.548,255.967,
171.107,255.967,227.867,
255.967,254.926,181.799,
255.967,8.30592,173.485,
255.967,42.4005,148.145,
63.0224,255.967,90.2819,
255.967,187.995,71.6933,
177.8,219.355,255.967,
255.665,67.0564,255.967,
255.967,47.192,96.6003,
141.653,157.933,255.967,
251.647,123.439,255.967,
81.0764,238.989,255.967,
172.967,166.974,255.967,
51.5186,191.833,255.967,
255.967,147.395,71.4234,
114.667,255.967,227.961,
255.967,244.097,200.439,
159.554,255.967,120.36,
201.969,255.967,238.987,
255.967,181.035,139.223,
255.967,72.5957,208.593,
100.706,191.243,255.967,
235.14,255.967,80.9257,
207.157,119.492,255.967,
56.0943,24.5673,255.967,
76.0825,34.8161,255.967,
255.967,169.073,131.047,
118.278,42.501,255.967,
238.585,148.866,255.967,
238.518,22.4371,255.967,
116.877,95.2468,255.967,
232.761,179.768,255.967,
130.805,255.967,238.266,
70.1735,255.967,43.8205,
35.1422,169.324,255.967,
255.967,143.536,194.773,
208.279,239.496,255.967,
68.8708,255.967,71.2266,
255.967,141.555,6.8177,
255.967,77.4143,122.947,
226.294,255.967,128.141,
130.011,255.967,155.317,
217.867,255.967,49.1301,
255.967,189.606,39.2125,
157.333,255.967,44.758,
83.9793,204.508,255.967,
255.967,98.8182,174.734,
159.607,255.967,141.434,
255.967,132.261,159.309,
163.339,255.967,189.014,
255.967,66.9878,108.371,
113.632,255.967,11.8582,
85.3069,255.967,246.284,
255.967,34.243,196.452,
177.563,90.3872,255.967,
35.0838,180.552,255.967,
214.815,226.895,255.967,
255.967,119.881,204.037,
49.9149,255.967,116.308,
32.759,62.0293,255.967,
255.967,28.8802,175.633,
48.1156,255.967,224.13,
255.967,7.91783,90.2912,
27.9054,255.967,146.606,
255.967,106.031,180.574,
142.733,255.967,139.386,
255.967,168.963,133.834,
118.841,255.967,57.8245,
34.0226,39.8033,255.967,
207.29,255.967,31.9517,
255.967,209.115,166.05,
25.6388,255.967,4.42345,
255.967,57.4213,213.082,
255.967,22.046,208.771,
255.967,145.116,54.6061,
13.3437,255.967,14.9648,
118.902,255.967,110.48,
255.967,67.536,74.6248,
255.967,9.12872,158.83,
136.862,146.675,255.967,
7.77246,239.806,255.967,
26.9508,142.877,255.967,
19.0627,255.967,110.887,
33.8285,143.085,255.967,
77.1546,113.924,255.967,
43.9245,255.967,197.07,
218.117,255.967,214.947,
171.522,255.967,254.445,
143.312,150.677,255.967,
172.721,148.118,255.967,
157.673,55.8537,255.967,
25.6487,68.931,255.967,
255.967,104.886,244.216,
123.487,255.967,191.906,
163.886,128.981,255.967,
130.992,94.7146,255.967,
255.967,44.8691,248.15,
255.967,103.137,230.06,
235.361,255.967,76.5669,
78.9226,255.967,92.8867,
86.6281,174.475,255.967,
255.967,48.9085,245.667,
118.721,255.967,175.426,
18.8278,235.527,255.967,
119.441,255.967,238.042,
161.918,175.292,255.967,
218.392,152.162,255.967,
171.052,175.783,255.967,
97.5524,254.438,255.967,
249.426,148.903,255.967,
250.506,255.967,167.181,
255.967,183.029,139.641,
255.967,193.202,194.932,
18.0413,255.967,117.208,
8.90877,238.004,255.967,
57.8157,255.967,102.47,
191.56,255.967,159.852,
175.511,255.967,9.40333,
255.967,225.083,35.1922,
248.83,255.967,116.834,
255.967,3.29711,143.396,
255.967,105.124,224.264,
108.265,234.009,255.967,
139.476,255.967,203.177,
121.496,199.153,255.967,
224.142,128.808,255.967,
185.682,255.967,168.273,
173.327,255.967,9.4867,
244.314,255.967,159.397,
49.9265,113.365,255.967,
255.967,110.512,177.101,
96.2671,22.9345,255.967,
22.8641,255.967,59.4355,
255.967,249.867,14.0283,
118.759,105.614,255.967,
167.473,255.967,44.0016,
255.967,212.438,61.2557,
255.967,208.985,176.009,
209.139,255.967,225.057,
255.967,105.66,153.654,
255.967,188.233,240.633,
86.7666,255.967,184.971,
255.967,6.10418,10.9099,
255.967,208.248,30.1623,
255.967,100.51,50.0595,
253.428,255.967,9.9004,
255.967,145.378,12.4064,
255.967,60.8312,62.6988,
129.539,255.967,82.1051,
66.1781,255.967,181.953,
255.967,234.747,252.862,
248.359,255.967,243.679,
85.2123,105.857,255.967,
138.108,216.94,255.967,
255.967,137.681,144.045,
244.161,47.2511,255.967,
45.2924,46.3195,255.967,
44.9359,255.967,133.738,
121.485,238.065,255.967,
164.557,255.967,119.452,
205.683,255.967,79.6406,
129.563,255.967,58.0078,
90.8316,255.967,231.403,
255.967,198.984,213.236,
9.29134,255.967,226.49,
66.3295,255.967,45.0667,
255.967,69.7134,246.768,
237.647,115.609,255.967,
255.967,28.1078,73.9143,
229.414,255.967,218.447,
255.967,98.9743,74.5132,
7.87185,219.866,255.967,
96.1839,174.911,255.967,
51.5401,255.967,138.926,
217.158,79.2727,255.967,
255.967,62.0188,66.3241,
255.967,148.126,13.495,
255.967,125.792,40.6522,
97.6316,213.417,255.967,
255.967,41.0007,49.721,
218.823,116.652,255.967,
180.739,255.967,78.0926,
253.749,213.015,255.967,
255.967,224.487,117.868,
164.639,255.967,207.259,
255.967,5.62991,164.3,
131.861,141.52,255.967,
5.69787,188.353,255.967,
203.03,255.967,118.137,
178.971,255.967,153.578,
255.967,228.871,151.168,
215.433,231.142,255.967,
255.967,215.73,182.536,
248.455,255.967,149.708,
112.5,18.2555,255.967,
92.6609,106.352,255.967,
138.601,143.161,255.967,
255.967,176.769,143.47,
184.995,255.967,220.676,
80.4558,255.967,40.3017,
255.967,253.839,225.831,
201.679,255.967,57.6148,
178.459,255.967,185.537,
115.887,255.967,178.631,
84.0822,93.785,255.967,
255.967,166.34,184.92,
39.7199,2.4538,255.967,
3.55556,255.967,189.372,
151.851,146.198,255.967,
223.554,140.22,255.967,
255.967,3.86615,55.6332,
176.383,255.967,62.605,
255.967,247.014,55.3699,
255.967,157.26,155.058,
146.751,172.432,255.967,
101.654,41.4289,255.967,
114.63,255.967,208.243,
13.7499,114.635,255.967,
148.257,72.4149,255.967,
149.117,255.967,8.72649,
255.967,138.129,42.223,
146.825,255.967,104.09,
18.6499,255.967,47.5647,
255.967,212.64,98.7585,
255.967,71.7026,240.325,
45.6228,182.023,255.967,
30.9642,255.967,99.5644,
82.9726,219.367,255.967,
255.967,123.557,6.71411,
84.5768,255.967,182.639,
233.828,255.967,1.68047,
206.292,5.00346,255.967,
114.846,255.967,206.675,
255.967,244.008,237.985,
255.967,219.897,22.2791,
255.967,112.98,121.507,
74.2012,226.947,255.967,
87.7276,255.967,85.348,
47.7649,255.967,9.67914,
6.23659,174.657,255.967,
21.624,45.1405,255.967,
169.435,222.863,255.967,
111.075,255.967,196.071,
227.862,184.133,255.967,
103.468,18.2841,255.967,
131.836,255.967,160.593,
113.11,255.967,159.48,
58.9186,255.967,169.632,
255.967,46.1504,79.9744,
255.967,177.29,171.696,
149.137,255.967,40.6267,
235.119,10.0188,255.967,
133.697,255.967,210.039,
5.97912,255.967,155.074,
219.832,42.3851,255.967,
213.825,255.967,40.515,
59.1847,255.967,113.962,
255.967,166.193,61.5429,
255.967,90.2539,219.23,
26.0564,255.967,103.39,
76.7733,255.967,45.7021,
255.967,70.0214,189.03,
161.651,129.992,255.967,
255.967,78.3273,10.9328,
255.967,130.864,195.139,
157.103,255.967,47.5617,
212.577,253.745,255.967,
255.967,216.328,90.7947,
255.967,177.503,156.184,
255.967,230.64,223.972,
255.967,130.232,69.4945,
48.1282,83.5634,255.967,
102.349,5.22742,255.967,
255.967,23.2029,86.5365,
204.841,110.483,255.967,
255.967,188.87,144.424,
231.513,138.56,255.967,
165.308,255.967,244.768,
70.1518,7.76897,255.967,
101.998,201.554,255.967,
49.4101,194.175,255.967,
255.967,218.662,229.247,
255.967,9.70313,217.887,
255.967,253.994,95.7024,
255.967,147.493,91.7841,
255.967,253.392,165.091,
59.7021,255.967,15.0001,
255.967,74.1019,241.668,
27.6551,255.967,112.891,
255.967,86.4672,49.0249,
243.757,255.967,211.388,
88.1938,74.9319,255.967,
255.967,10.6568,142.294,
255.967,8.11935,179.903,
154.627,197.196,255.967,
95.7993,255.967,98.1862,
255.967,163.9,186.354,
108.058,182.655,255.967,
200.498,98.7378,255.967,
255.967,191.303,14.1924,
231.709,13.2635,255.967,
186.875,255.967,0.859232,
255.967,1.29859,14.5868,
216.732,200.112,255.967,
255.967,129.416,55.2661,
255.967,1.95852,191.681,
255.967,191.358,32.0679,
255.967,127.461,115.139,
195.18,255.967,204.429,
65.365,255.967,185.562,
230.431,247.269,255.967,
92.0556,255.967,177.354,
255.967,251.356,51.9205,
138.085,255.967,185.086,
255.967,213.677,62.7512,
222.359,255.967,250.622,
240.723,107.214,255.967,
127.85,63.471,255.967,
164.532,138.884,255.967,
255.967,252.458,83.9428,
255.967,54.8677,201.113,
77.1756,222.888,255.967,
213.78,255.967,58.2165,
102.492,255.967,55.9342,
205.503,236.123,255.967,
119.12,255.967,201.484,
12.4468,255.967,149.933,
5.19575,255.967,20.7818,
255.967,41.0206,169.314,
24.1254,206.955,255.967,
255.967,191.85,139.404,
255.967,241.011,160.619,
212.562,68.4434,255.967,
255.967,246.886,205.842,
201.984,4.91716,255.967,
11.1182,255.967,224.587,
186.048,56.8733,255.967,
246.048,255.967,223.026,
57.3697,255.967,170.17,
146.678,255.967,188.43,
255.967,93.3769,93.1569,
255.967,188.776,136.336,
255.967,158.515,227.883,
136.728,50.2462,255.967,
7.38363,131.522,255.967,
165.757,230.913,255.967,
28.8392,175.39,255.967,
8.7447,255.967,160.589,
102.452,255.967,123.666,
165.021,40.9926,255.967,
187.68,255.967,55.4508,
198.198,255.967,102.272,
98.318,255.967,54.7582,
255.967,179.28,149.253,
255.967,25.5188,76.8294,
85.2414,39.383,255.967,
166.846,85.5478,255.967,
62.8241,13.4657,255.967,
197.358,255.967,10.8827,
35.9406,249.656,255.967,
60.1313,255.967,137.109,
30.0383,255.967,166.034,
164.831,255.967,178.242,
255.967,193.189,107.803,
255.967,185.405,13.423,
255.967,138.835,28.9053,
255.967,86.5664,85.0982,
218.237,255.967,164.982,
255.967,25.3417,51.5091,
20.593,255.967,112.337,
67.4607,255.967,240.411,
255.967,63.4264,128.672,
176.208,255.967,7.1231,
89.3133,148.915,255.967,
58.1014,158.445,255.967,
207.797,255.967,209.534,
255.967,189.67,35.5712,
27.2528,7.65013,255.967,
29.5099,255.967,84.732,
229.892,189.066,255.967,
255.967,12.5375,108.954,
231.084,255.967,225.881,
236.767,209.224,255.967,
61.9245,137.973,255.967,
110.455,64.8973,255.967,
255.967,107.74,25.5121,
107.285,255.967,94.0138,
28.4376,121.739,255.967,
195.784,233.437,255.967,
255.967,99.1685,251.648,
54.7448,255.967,67.2753,
255.967,107.784,226.718,
108.899,255.967,141.101,
30.3914,255.967,28.7151,
80.3324,255.967,126.404,
255.967,103.453,44.1584,
255.967,255.235,50.6318,
76.1344,255.967,1.70407,
55.2962,255.967,215.627,
255.967,5.68095,131.184,
102.773,222.313,255.967,
96.2484,134.144,255.967,
36.9506,210.183,255.967,
255.967,32.8505,18.4131,
90.0748,229.319,255.967,
255.967,27.7195,99.7068,
83.8697,255.967,3.93335,
49.2329,255.967,69.1081,
255.967,88.6966,116.899,
182.439,192.14,255.967,
205.536,119.123,255.967,
55.2784,255.967,82.7958,
254.079,189.97,255.967,
255.967,137.83,156.083,
180.488,169.356,255.967,
154.531,144.184,255.967,
255.967,53.0091,46.9929,
115.91,255.967,34.7386,
179.434,60.1967,255.967,
234.477,3.36164,255.967,
137.613,75.4422,255.967,
83.2323,118.48,255.967,
34.2879,255.967,31.8092,
255.967,133.355,100.495,
107.563,255.967,153.424,
167.946,249.627,255.967,
195.518,255.967,25.9755,
130.102,2.45819,255.967,
6.21482,57.4009,255.967,
179.365,53.9843,255.967,
255.967,250.628,163.428,
40.5563,3.40084,255.967,
241.366,72.4639,255.967,
255.967,115.249,38.5047,
5.53168,59.6003,255.967,
234.638,134.502,255.967,
88.383,255.967,225.377,
10.6372,242.872,255.967,
255.967,134.752,62.3975,
160.306,58.2272,255.967,
255.967,63.3364,38.8047,
169.422,68.2468,255.967,
166.841,98.8596,255.967,
19.4691,106.176,255.967,
221.477,116.171,255.967,
255.967,197.047,220.57,
132.68,255.967,35.4507,
45.5897,255.967,13.6559,
30.6447,228.662,255.967,
79.5279,255.967,16.9367,
70.3103,250.844,255.967,
255.967,86.1942,24.4395,
193.114,28.0918,255.967,
23.3026,190.482,255.967,
190.804,180.067,255.967,
205.723,76.2771,255.967,
133.043,165.122,255.967,
147.025,255.967,103.918,
8.22788,255.967,199.556,
161.052,5.23728,255.967,
111.837,203.894,255.967,
255.967,47.2021,238.109,
203.636,46.1482,255.967,
255.967,159.118,141.732,
70.9433,255.967,249.247,
255.967,18.2091,73.6941,
94.3587,63.1509,255.967,
133.459,127.351,255.967,
255.967,197.957,79.0134,
47.7502,190.21,255.967,
253.564,255.967,121.068,
61.4767,148.414,255.967,
255.967,206.202,164.9,
41.8116,255.967,60.2241,
12.1516,119.51,255.967,
41.5775,255.967,200.608,
15.6493,255.967,146.673,
182.464,231.239,255.967,
233.485,133.34,255.967,
255.967,56.9047,110.394,
46.7423,190.116,255.967,
157.191,239.949,255.967,
36.277,255.967,220.105,
171.128,118.316,255.967,
78.5742,255.967,176.803,
38.5786,255.967,64.5753,
61.0221,243.532,255.967,
170.742,180.24,255.967,
182.688,255.967,220.785,
56.602,172.314,255.967,
176.6,255.967,101.415,
146.061,255.967,29.6291,
255.967,41.5991,172.911,
124.084,255.967,252.954,
53.7705,0.361144,255.967,
146.724,36.2641,255.967,
189.141,255.967,184.573,
183.201,253.082,255.967,
250.439,255.967,48.781,
228.269,255.967,23.7935,
168.051,255.967,57.1373,
255.967,75.002,225.065,
255.967,218.868,161.388,
255.967,6.75955,59.6532,
255.967,204.253,156.896,
168.476,255.967,196.939,
33.8445,147.819,255.967,
169.492,55.4776,255.967,
49.4608,81.4762,255.967,
130.005,255.967,144.672,
151.809,255.967,62.6879,
255.967,97.2841,138.851,
129.97,255.967,50.7682,
102.406,255.967,247.839,
185.782,105.258,255.967,
133.487,226.228,255.967,
162.646,255.967,32.5752,
255.967,248.394,201.63,
231.004,255.967,160.907,
198.621,255.967,126.658,
255.967,217.326,235.63,
255.967,63.6093,249.753,
222.928,255.967,253.756,
255.967,195.41,122.265,
227.02,50.5661,255.967,
255.967,71.0832,2.33371,
255.967,179.831,50.947,
1.87248,143.843,255.967,
31.37,255.967,156.948,
181.366,255.967,180.611,
135.234,65.353,255.967,
0.911659,80.8718,255.967,
13.7795,255.967,183.42,
241.693,255.967,12.5654,
38.5625,16.6035,255.967,
255.967,146.788,156.381,
255.967,181.812,201.723,
255.967,35.3041,135.922,
255.967,141.65,38.7331,
43.5101,185.422,255.967,
174.802,37.8375,255.967,
255.967,68.8295,93.1522,
139.007,54.2375,255.967,
74.7898,255.967,114.61,
36.5326,255.967,123.065,
255.967,127.684,183.822,
10.5564,255.967,131.597,
191.736,255.967,224.983,
78.2334,97.4502,255.967,
255.967,219.543,175.883,
255.967,208.989,152.564,
255.967,38.1122,165.257,
255.288,138.06,255.967,
255.967,198.12,187.196,
240.879,240.007,255.967,
227.647,40.7523,255.967,
218.603,241.537,255.967,
255.967,138.61,127.134,
255.967,212.378,126.772,
44.3632,27.2269,255.967,
255.967,154.531,55.5187,
255.967,51.812,192.902,
120.23,194.498,255.967,
218.41,122.455,255.967,
255.967,101.301,225.198,
201.259,255.967,125.056,
255.967,24.1768,65.7273,
221.03,255.967,72.9053,
172.355,255.967,40.1047,
255.967,192.906,245.352,
215.24,230.751,255.967,
94.3643,228.036,255.967,
255.967,254.086,28.7333,
152.011,139.106,255.967,
255.967,195.439,179.517,
255.967,158.043,64.3694,
237.888,149.859,255.967,
255.967,31.9381,151.603,
138.416,255.967,51.8294,
21.824,51.4756,255.967,
255.967,101.769,49.4425,
255.967,41.7814,147.57,
119.553,154.324,255.967,
226.379,27.0197,255.967,
255.967,220.663,39.3528,
200.839,157.413,255.967,
255.967,132.821,219.269,
31.4611,66.6287,255.967,
255.967,246.283,4.51293,
255.967,139.223,174.825,
213.987,208.408,255.967,
255.967,81.3461,132.743,
102.539,139.142,255.967,
255.967,78.6892,31.7327,
255.967,1.86822,79.2084,
91.2485,255.967,145.882,
255.967,254.043,188.256,
45.8426,255.967,52.9852,
207.821,255.967,235.11,
117.276,90.0771,255.967,
255.967,209.198,168.046,
233.924,255.967,201.066,
194.004,255.967,226.606,
246.092,255.967,28.4126,
124.448,255.967,229.046,
252.147,255.967,239.333,
17.847,107.697,255.967,
255.967,1.46265,107.309,
193.409,255.967,109.82,
185.868,255.967,72.2258,
232.203,255.967,188.62,
22.6776,234.844,255.967,
20.5003,255.967,153.784,
192.459,255.967,240.391,
0.537332,40.2389,255.967,
86.6332,235.587,255.967,
198.169,255.967,69.3847,
199.105,48.2633,255.967,
255.967,193.362,57.4084,
255.967,120.73,11.0046,
242.182,252.071,255.967,
4.60339,102.635,255.967,
239.795,255.967,26.9928,
109.522,255.967,151.545,
136.712,255.967,105.357,
74.7532,255.967,189.346,
167.71,156.294,255.967,
234.775,255.967,236.675,
255.967,38.9311,111.99,
187.496,36.8871,255.967,
248.207,8.05704,255.967,
255.967,26.592,170.917,
170.062,255.967,230.118,
238.151,255.967,72.6155,
57.4492,111.072,255.967,
170.801,240.417,255.967,
177.307,143.437,255.967,
197.558,255.967,232.876,
255.967,179.385,170.892,
71.2005,255.967,200.949,
18.7129,218.307,255.967,
148.891,95.9226,255.967,
60.5392,231.407,255.967,
139.593,94.9067,255.967,
255.967,38.513,167.913,
4.55015,255.967,213.864,
17.3722,139.333,255.967,
37.3035,133.27,255.967,
47.5241,255.967,49.7378,
81.455,244.618,255.967,
255.967,119.869,208.561,
80.2925,253.674,255.967,
255.967,135.828,84.3758,
243.215,255.967,44.6296,
255.967,12.4653,225.138,
255.967,221.224,14.9486,
255.967,204.396,157.86,
24.5035,255.967,4.58676,
83.0791,255.967,56.529,
226.92,40.4277,255.967,
255.967,131.005,27.6647,
244.824,255.967,2.22102,
212.389,255.967,224.261,
255.967,17.6419,212.441,
122.12,255.967,63.8308,
80.5715,255.967,128.973,
70.5728,9.88417,255.967,
153.313,255.967,93.4412,
17.5995,255.967,157.706,
254.812,255.967,168.235,
255.967,16.9321,173.208,
94.1027,241.629,255.967,
255.967,6.9737,179.748,
29.2055,255.967,155.772,
122.653,2.78184,255.967,
110.38,255.967,248.881,
21.8226,255.967,196.879,
25.4367,130.188,255.967,
252.617,144.876,255.967,
255.967,55.8782,84.9346,
56.6426,94.2452,255.967,
72.0593,255.967,20.6487,
70.9842,223.797,255.967,
185.042,110.263,255.967,
12.8542,255.967,188.83,
255.967,201.776,254.618,
255.967,132.552,100.305,
142.491,255.967,45.044,
56.7352,150.462,255.967,
255.967,141.222,104.943,
77.8426,136.354,255.967,
159.691,53.3056,255.967,
236.388,255.967,145.744,
255.967,186.338,13.4826,
141.76,156.105,255.967,
57.0433,209.893,255.967,
8.64149,17.7043,255.967,
244.732,65.774,255.967,
255.967,157.97,175.521,
255.967,195.954,94.1684,
7.87354,255.967,69.5672,
8.18655,255.967,103.778,
246.055,255.967,226.084,
255.967,178.705,7.25925,
255.967,207.997,109.228,
88.398,255.967,162.212,
150.022,255.967,155.481,
255.967,255.325,205.631,
255.967,205.038,85.7834,
53.0779,177.28,255.967,
127.651,42.5208,255.967,
255.967,137.432,75.9619,
62.2461,156.404,255.967,
246.384,215.675,255.967,
255.967,72.7017,47.2873,
79.0005,116.577,255.967,
195.268,255.967,45.8874,
85.6086,227.188,255.967,
55.4316,255.967,179.215,
127.705,226.728,255.967,
16.0384,194.025,255.967,
152.214,249.025,255.967,
255.967,11.7946,114.942,
255.967,226.659,185.172,
255.967,85.2176,231.127,
255.967,109.964,131.678,
72.6359,255.967,203.515,
136.383,255.967,17.74,
105.695,109.817,255.967,
255.967,108.935,37.1302,
255.967,233.794,12.9435,
255.967,225.18,56.9286,
27.9459,24.43,255.967,
124.775,255.967,39.9419,
255.967,226.253,143.763,
243.423,255.967,233.232,
214.069,159.62,255.967,
255.967,166.717,104.546,
192.255,127.24,255.967,
253.023,173.856,255.967,
255.967,105.43,215.014,
255.967,250.741,58.8521,
55.3092,32.3724,255.967,
255.967,34.8242,186.875,
1.11408,82.1897,255.967,
64.2688,255.967,3.80022,
255.967,79.9713,123.222,
33.7376,229.683,255.967,
94.0627,255.967,82.8302,
255.967,25.4515,219.644,
255.967,207.555,209.219,
243.418,209.482,255.967,
255.967,18.8416,97.9463,
255.967,163.975,117.442,
255.967,18.225,239.768,
255.967,24.0951,2.50423,
227.957,37.2693,255.967,
211.911,194.888,255.967,
255.967,204.974,29.8718,
131.143,101.192,255.967,
107.437,5.62765,255.967,
255.967,54.9036,50.8067,
118.346,255.967,50.1859,
255.967,201.718,234.228,
255.967,77.5457,90.7692,
255.967,77.0617,253.778,
57.8895,200.692,255.967,
82.6255,86.6614,255.967,
235.56,255.967,236.409,
59.4908,145.16,255.967,
6.24604,244.006,255.967,
208.967,26.3503,255.967,
169.947,255.967,8.63618,
81.5098,161.37,255.967,
255.967,96.8644,97.3637,
173.514,162.208,255.967,
230.362,119.275,255.967,
255.967,19.7673,24.9711,
86.8905,91.7437,255.967,
255.967,208.969,244.289,
198.008,176.543,255.967,
255.967,42.1223,226.304,
179.59,129.241,255.967,
211.02,214.749,255.967,
147.29,255.967,197.219,
255.967,232.321,24.3236,
255.967,188.667,117.88,
175.089,255.967,216.125,
161.428,255.967,45.9469,
255.967,225.85,14.3859,
255.967,69.5529,169.834,
219.043,255.967,253.958,
75.4087,112.192,255.967,
151.09,255.967,234.986,
37.0794,255.967,186.691,
255.967,66.9355,163.001,
255.967,22.1223,230.662,
129.628,255.967,184.898,
255.967,237.235,206.189,
179.09,255.967,65.6945,
8.05044,215.91,255.967,
255.967,88.6381,85.6479,
150.088,255.967,126.89,
201.502,10.1204,255.967,
78.2403,182.585,255.967,
190.28,255.967,4.63308,
183.239,255.967,72.2447,
255.967,84.199,224.837,
207.498,207.78,255.967,
255.967,91.5568,66.5672,
255.967,167.803,247.781,
46.2872,255.967,30.4323,
81.2209,148.075,255.967,
252.58,49.577,255.967,
152.195,82.8889,255.967,
205.289,195.381,255.967,
255.967,120.236,143.162,
131.463,227.445,255.967,
167.889,128.237,255.967,
255.967,218.671,129.296,
2.97613,255.967,167.064,
255.967,38.6751,169.894,
255.378,3.7521,255.967,
112.513,255.967,203.586,
22.3694,255.967,203.768,
149.601,255.967,51.9079,
213.284,11.5816,255.967,
255.967,175.522,112.579,
255.967,56.3308,11.6308,
255.967,11.6166,1.54877,
88.0435,77.5452,255.967,
255.967,251.385,75.2504,
83.02,255.967,239.188,
255.967,167.813,97.7912,
113.599,255.967,88.1595,
170.039,255.967,107.136,
255.967,127.538,123.509,
255.967,77.4902,201.601,
248.171,68.7243,255.967,
137.849,255.967,96.1733,
120.526,11.7868,255.967,
234.601,255.967,231.565,
104.211,255.967,105.47,
224.943,255.967,3.37863,
67.2926,255.967,71.0858,
255.967,87.1229,187,
255.967,14.3197,177.031,
244.584,255.967,159.798,
121.805,255.967,218.83,
255.967,180.103,12.1548,
30.0107,255.967,231.843,
13.8305,255.967,14.5034,
255.967,187.055,66.7188,
255.967,33.2691,191.46,
133.634,255.967,65.687,
255.967,128.481,201.227,
132.634,255.967,98.6791,
255.967,138.801,76.9164,
122.979,255.967,144.438,
69.7222,145.533,255.967,
255.967,106.001,155.16,
186.785,217.297,255.967,
255.967,50.2403,80.092,
86.8432,255.967,16.8571,
255.967,27.3158,201.357,
76.1837,35.4777,255.967,
59.8548,253.9,255.967,
255.967,173.328,209.332,
255.967,114.575,52.1796,
255.967,164.335,176.632,
24.9314,225.307,255.967,
255.967,74.6499,191.358,
255.967,63.3332,122.193,
188.239,255.967,180.219,
255.967,209.846,60.847,
197.937,200.577,255.967,
35.9207,255.967,68.3779,
255.967,126.181,117.649,
159.987,58.0353,255.967,
38.5219,255.967,100.644,
255.967,138.282,124.251,
36.1379,255.967,9.75896,
251.388,255.967,58.2597,
36.9997,214.98,255.967,
255.967,149.106,31.2878,
205.999,120.831,255.967,
212.721,255.967,167.355,
210.481,255.967,191.182,
9.53661,255.967,164.086,
100.239,255.967,7.38554,
255.967,36.8363,213.945,
156.319,228.119,255.967,
183.841,255.967,228.028,
234.25,255.967,203.429,
253.087,255.967,46.3734,
145.093,255.967,53.4729,
47.2143,255.967,141.256,
218.794,255.967,212.046,
202.275,96.2097,255.967,
66.497,156.121,255.967,
170.77,217.318,255.967,
223.074,255.967,227.227,
209.1,255.967,39.1793,
255.967,169.475,58.7869,
255.967,12.444,187.321,
255.967,77.8759,73.254,
255.967,255.193,154.645,
255.967,178.387,68.7062,
255.967,112.095,17.7404,
255.967,38.1557,155.584,
255.967,194.907,247.049,
255.967,112.983,2.60034,
164.769,255.967,86.9666,
255.967,129.324,103.457,
255.967,249.44,215.856,
94.9947,149.715,255.967,
96.677,128.525,255.967,
144.286,231.93,255.967,
176.509,154.257,255.967,
255.967,16.877,28.812,
227.134,188.814,255.967,
255.967,61.6249,21.7694,
121.088,255.967,235.576,
176.923,70.9984,255.967,
84.0608,41.2256,255.967,
121.351,255.967,43.1671,
175.12,255.967,253.1,
255.967,185.968,62.9458,
255.967,58.0312,131.295,
255.967,209.686,239.12,
99.8416,76.2275,255.967,
85.7541,239.599,255.967,
86.5222,255.967,37.8914,
111.889,201.484,255.967,
255.967,22.4243,197.499,
114.45,21.4412,255.967,
255.967,192.63,49.4143,
251.679,255.967,190.077,
13.1932,216.215,255.967,
255.967,247.247,84.6952,
179.895,195.03,255.967,
255.967,170.66,40.7662,
253.689,255.967,31.785,
255.967,19.1579,186.116,
206.689,216.783,255.967,
162.133,71.9364,255.967,
214.478,219.913,255.967,
255.967,126.133,180.986,
255.967,126.911,28.4712,
234.75,255.967,112.541,
255.967,114.76,4.68686,
168.222,255.967,0.812035,
255.967,32.2433,15.3976,
214.378,74.5813,255.967,
255.967,98.3379,188.828,
255.355,246.332,255.967,
49.9274,255.967,112.172,
8.06255,51.4292,255.967,
104.18,255.967,12.936,
136.439,255.967,0.48152,
239.134,4.08121,255.967,
255.967,91.8015,145.467,
144.861,255.967,3.1588,
85.1222,255.967,76.8814,
62.2323,7.55994,255.967,
255.967,21.9504,234.915,
255.967,102.542,158.809,
157.023,255.967,81.0251,
177.854,31.6006,255.967,
255.967,5.91604,118.171,
185.388,255.967,47.5427,
255.967,65.0269,59.1509,
255.967,239.115,90.6103,
57.0845,255.967,49.4814,
255.967,44.3507,130.38,
14.5802,14.7061,255.967,
213.255,255.967,103.369,
255.967,27.2992,183.691,
252.079,255.967,55.7031,
102.481,255.967,245.266,
135.854,174.237,255.967,
31.616,190.324,255.967,
171.808,255.967,220.55,
4.81695,255.967,155.648,
131.044,255.967,74.2457,
255.967,254.831,94.2382,
224.243,243.057,255.967,
201.495,229.738,255.967,
255.967,108.816,231.793,
70.3619,255.967,5.86002,
255.967,156.849,31.1372,
182.447,255.967,33.1864,
130.005,255.967,174.835,
255.967,200.622,85.4343,
255.967,177.83,77.3428,
120.524,66.177,255.967,
255.967,246.617,143.048,
205.148,43.4633,255.967,
255.967,237.155,86.8415,
255.967,24.4662,62.7267,
255.967,236.289,250.721,
182.182,255.967,58.1626,
125.466,255.967,255.884,
16.9389,255.967,6.20642,
71.3018,234.719,255.967,
158.162,108.192,255.967,
73.7798,12.1886,255.967,
147.61,255.967,89.6401,
209.147,255.967,191.298,
2.35604,255.967,39.8997,
255.967,77.4662,250.864,
84.2487,166.723,255.967,
124.347,4.95465,255.967,
215.027,46.4235,255.967,
12.2259,255.967,99.8649,
29.8444,255.967,177.882,
255.967,179.34,63.0229,
147.105,74.8687,255.967,
167.457,255.967,7.54842,
255.967,222.701,225.153,
255.967,243.395,5.85774,
114.673,209.108,255.967,
146.054,255.967,136.084,
15.5261,255.967,243.579,
25.6538,145.761,255.967,
94.6321,195.39,255.967,
130.399,255.967,145.109,
255.967,172.658,117.975,
174.168,255.967,243.385,
255.967,143.125,28.0021,
80.442,255.967,197.995,
37.4601,133.376,255.967,
152.063,255.967,161.907,
255.967,127.174,236.702,
69.9128,255.967,87.6304,
255.967,38.0998,106.188,
124.231,255.967,102.159,
109.326,255.967,102.705,
255.967,64.9912,195.582,
96.2676,245.258,255.967,
147.728,255.967,96.5858,
164.367,221.982,255.967,
22.5375,181.716,255.967,
255.967,117.366,32.2435,
143.381,175.559,255.967,
255.967,38.7071,61.4947,
255.967,6.89051,81.5888,
44.0079,1.36655,255.967,
255.967,117.465,179.999,
255.967,70.9599,49.1952,
255.967,172.081,221.524,
255.967,127.152,224.147,
150.876,255.967,12.6731,
76.4209,137.52,255.967,
255.967,89.9249,178.854,
3.41645,255.967,142.593,
87.9655,255.967,217.373,
26.119,124.403,255.967,
219.109,255.967,192.164,
255.967,5.29056,68.8918,
22.3071,82.804,255.967,
255.967,7.36011,193.444,
255.967,195.839,183.345,
61.4117,212.953,255.967,
255.967,235.175,186.393,
255.967,219.403,4.43253,
255.967,130.875,111.835,
242.448,212.106,255.967,
201.001,255.967,229.474,
15.4691,255.967,188.934,
94.2024,255.967,183.416,
248.727,255.967,72.852,
206.703,44.4039,255.967,
255.967,77.4006,141.334,
132.888,54.1814,255.967,
255.967,143.852,73.2852,
192.804,255.967,62.4472,
19.7972,231.587,255.967,
115.686,255.967,107.45,
68.3156,255.967,24.1758,
98.6244,30.3225,255.967,
255.967,255.163,32.3294,
236.725,255.967,127.069,
138.814,255.967,3.55677,
214.085,255.967,31.2623,
72.566,224.012,255.967,
101.604,255.967,248.049,
255.967,254.858,110.967,
255.967,78.516,250.901,
129.876,255.967,155.652,
69.8547,168.871,255.967,
2.19399,10.2767,255.967,
255.967,141.356,84.8521,
255.967,54.1454,112.394,
255.967,243.732,233.111,
255.967,113.268,36.3558,
255.967,151.179,245.203,
49.9542,255.967,113.917,
231.68,255.967,73.942,
107.799,145.196,255.967,
255.967,43.1244,170.629,
227.89,222.894,255.967,
199.374,23.8619,255.967,
255.967,201.835,37.6201,
255.967,139.424,133.983,
255.967,220.526,30.4427,
229.543,94.6589,255.967,
118.397,255.967,100.196,
113.71,255.967,211.252,
255.967,43.5663,13.0759,
221.547,12.9507,255.967,
193.773,114.934,255.967,
255.967,120.989,173.916,
23.8936,43.4266,255.967,
255.967,176.026,232.166,
135.903,86.0071,255.967,
255.967,212.05,210.386,
48.848,255.967,213.327,
228.726,255.967,117.153,
238.193,255.967,15.6657,
255.967,64.0658,193.603,
53.4498,108.69,255.967,
113.681,121.704,255.967,
255.967,157.67,155.34,
255.967,28.7641,123.846,
96.9087,255.967,117.283,
201.168,255.967,212.653,
41.1985,255.967,40.3428,
214.536,255.967,242.396,
255.967,92.3257,119.462,
196.664,255.967,214.378,
68.3794,83.7499,255.967,
195.245,117.475,255.967,
149.443,54.3218,255.967,
255.967,236.874,249.793,
255.967,85.0272,190.412,
36.9739,196.215,255.967,
131.486,24.3453,255.967,
217.55,255.967,250.794,
51.6519,239.485,255.967,
106.741,160.313,255.967,
255.967,244.555,190.657,
105.557,255.967,195.363,
74.8249,255.967,29.5054,
255.967,189.117,235.938,
255.967,176.093,51.4895,
167.602,255.967,28.9278,
170.378,255.967,121.39,
255.967,83.8967,84.6601,
66.0624,219.606,255.967,
255.967,153.006,209.013,
255.967,229.637,1.16958,
255.967,102.644,149.837,
112.895,255.967,241.402,
255.967,247.286,189.729,
129.134,255.967,169.986,
255.967,85.7025,154.183,
255.967,236.903,101.122,
255.967,101.522,120.806,
119.096,212.423,255.967,
157.865,217.065,255.967,
255.967,71.1184,168.941,
255.967,90.2176,22.881,
26.7839,255.967,221.284,
255.967,184.149,225.701,
255.967,98.8321,1.27649,
216.809,133.228,255.967,
255.967,6.16661,13.9555,
121.915,255.967,75.1154,
6.03766,255.967,45.1503,
211.238,255.967,85.0973,
95.8017,107.637,255.967,
144.389,13.4748,255.967,
83.4596,205.133,255.967,
140.23,196.525,255.967,
212.554,255.967,62.2301,
58.0491,190.013,255.967,
177.805,24.7578,255.967,
42.5715,22.6213,255.967,
255.894,255.967,173.228,
255.967,21.7695,228.651,
255.967,253.643,20.3878,
31.8035,255.967,0.939848,
220.515,50.0939,255.967,
126.617,119.241,255.967,
148.273,203.601,255.967,
255.967,139.17,136.164,
255.967,26.9876,183.069,
255.967,145.132,239.071,
77.2606,233.832,255.967,
255.967,61.8788,78.9151,
255.967,249.539,34.1288,
166.753,255.967,190.926,
39.2112,255.967,230.979,
108.1,255.967,18.0702,
255.967,208.589,255.155,
147.686,68.2478,255.967,
138.253,8.5518,255.967,
22.3273,255.967,190.845,
255.967,252.128,148.469,
133.044,192.156,255.967,
255.967,217.574,181.888,
153.663,2.93877,255.967,
255.967,171.569,60.3004,
255.967,20.6752,213.313,
231.25,255.967,168.306,
255.967,62.312,118.052,
57.8846,94.4461,255.967,
199.154,89.9763,255.967,
98.8228,255.967,31.4188,
255.967,82.6427,246.688,
255.967,101.164,145.782,
255.967,173.521,230.581,
255.967,233.42,62.1903,
169.131,255.967,10.1194,
255.967,55.5777,220.531,
109.843,34.2482,255.967,
208.685,91.3205,255.967,
251.457,255.967,206.489,
255.967,73.5516,187.973,
255.967,216.327,201.357,
55.0807,255.967,73.7595,
192.039,255.967,40.753,
255.967,39.0454,13.1895,
255.967,189.702,135.849,
193.684,255.967,8.91766,
156.09,194.623,255.967,
94.0838,110.361,255.967,
215.402,255.967,5.76302,
255.967,141.117,99.227,
255.967,14.5535,158.88,
99.7564,255.967,237.642,
255.967,124.86,225.902,
18.3272,255.967,187.466,
196.228,172.302,255.967,
14.574,111.032,255.967,
16.076,255.967,60.1024,
90.2999,175.087,255.967,
254.185,28.8718,255.967,
11.7075,213.803,255.967,
43.9243,63.1492,255.967,
110.997,34.8555,255.967,
255.967,168.269,166.274,
59.5147,255.967,31.5062,
101.106,74.1109,255.967,
85.7341,152.618,255.967,
255.967,71.5471,114.435,
7.28551,36.0191,255.967,
71.1668,255.967,234.349,
235.778,255.967,5.57703,
255.967,9.78616,107.95,
255.967,12.1601,57.2818,
217.224,72.7026,255.967,
255.967,178.675,64.2623,
100.257,255.967,121.935,
245.915,255.967,45.824,
1.06607,103.428,255.967,
55.668,255.967,142.543,
161.036,255.967,154.718,
255.967,148.591,172.142,
64.9257,151.041,255.967,
255.967,102.208,187.132,
14.0956,255.691,255.967,
255.967,102.826,152.314,
213.812,86.4035,255.967,
50.2252,185.144,255.967,
255.967,68.0612,215.48,
28.5406,92.4754,255.967,
152.352,255.967,150.348,
255.967,98.7903,119.867,
255.967,209.814,192.048,
255.967,117.112,73.2796,
255.967,154.946,238.725,
255.967,135.503,46.5808,
238.227,172.823,255.967,
145.47,93.9695,255.967,
131.641,159.741,255.967,
131.732,255.967,211.86,
255.967,19.8233,235.195,
255.967,66.8886,59.5004,
56.7145,255.967,133.662,
96.3802,255.967,241.781,
93.0329,236.315,255.967,
192.413,255.967,70.0421,
176.808,85.3159,255.967,
98.1876,255.967,216.763,
234.667,141.246,255.967,
64.582,110.589,255.967,
247.529,255.967,201.966,
185.252,255.967,249.788,
255.967,82.4521,137.231,
138.599,190.401,255.967,
71.5522,255.967,47.637,
72.0761,165.691,255.967,
140.729,255.967,238.973,
174.759,41.811,255.967,
255.967,173.754,8.45026,
242.152,255.967,161.559,
129.112,255.967,176.587,
152.993,255.967,50.5766,
28.2024,255.967,215.484,
255.967,80.6486,96.9232,
255.967,33.2553,82.1653,
20.8256,255.967,238.728,
9.89781,255.967,174.404,
255.967,64.8129,78.4252,
173.607,248.239,255.967,
255.967,3.21014,101.743,
47.0217,255.967,35.5959,
149.756,219.53,255.967,
139.367,255.967,54.6276,
255.967,27.6934,107.125,
255.967,69.6634,56.9633,
255.967,29.3896,87.019,
6.69507,255.967,23.9179,
191.938,255.967,146.722,
255.967,32.4305,72.7245,
171.153,255.967,59.7001,
255.967,121.84,175.937,
255.967,25.3401,134.03,
250.598,255.967,129.793,
213.892,90.2139,255.967,
148.684,171.966,255.967,
255.967,20.9021,92.6362,
51.1261,255.967,177.947,
224.753,255.967,255.146,
180.444,255.967,145.792,
156.29,255.967,108.685,
227.757,48.0813,255.967,
100.365,255.967,160.18,
255.967,74.7198,140.729,
255.967,85.6332,49.6112,
250.304,33.3288,255.967,
148.785,255.967,150.279,
73.8072,255.967,148.312,
91.776,199.876,255.967,
115.154,7.68339,255.967,
255.967,232.387,123.804,
255.967,209.891,22.4212,
234.965,242.657,255.967,
255.967,48.0617,29.6256,
255.967,71.6,177.003,
186.202,84.5211,255.967,
169.958,255.967,121.261,
255.967,140.936,67.8529,
10.268,255.967,71.7398,
137.997,255.967,44.8799,
196.513,255.967,173.16,
29.2076,255.967,14.8091,
216.879,235.084,255.967,
255.967,139.895,37.9923,
255.967,223.547,142.695,
150.882,114.027,255.967,
255.967,159.766,132.589,
46.5794,255.967,245.568,
103.962,150.358,255.967,
145.461,255.967,7.08784,
155.558,120.502,255.967,
71.3241,255.967,185.67,
255.967,117.089,184.014,
182.915,164.409,255.967,
39.1951,255.967,54.0613,
34.3451,255.967,72.9792,
255.967,173.532,131.363,
255.967,115.838,134.373,
215.499,111.201,255.967,
95.7937,255.967,46.7569,
127.87,33.1877,255.967,
255.967,13.4592,251.089,
9.84903,255.967,52.1431,
255.967,130.761,10.7853,
255.967,179.78,208.379,
202.322,15.9536,255.967,
255.967,176.034,182.906,
255.967,181.719,195.057,
129.663,255.967,157.225,
206.591,168.502,255.967,
35.5509,185.097,255.967,
247.8,255.967,84.8183,
255.967,153.77,65.9787,
181.874,157.554,255.967,
16.8087,255.967,131.042,
245.889,164.098,255.967,
255.967,251.107,168.137,
1.71148,255.967,138.425,
54.2063,238.207,255.967,
255.967,36.415,4.55285,
244.422,255.967,236.908,
216.825,255.967,198.447,
188.709,255.967,26.0578,
252.276,255.967,230.763,
255.967,40.4567,44.7359,
74.3535,255.967,7.49527,
255.967,183.731,151.7,
213,116.525,255.967,
245.663,158.701,255.967,
255.967,166.681,220.578,
255.967,76.0581,22.8595,
210.184,255.967,241.38,
62.405,255.967,124.308,
255.967,45.7789,9.21777,
255.967,242.064,153.603,
255.967,253.506,61.8149,
210.853,255.967,207.341,
18.4361,133.206,255.967,
31.5096,150.604,255.967,
255.967,243.808,136.399,
76.0745,221.395,255.967,
255.967,104.306,68.8055,
112.572,255.967,199.459,
62.1712,255.967,103.41,
255.967,27.3937,100.694,
239.941,255.967,62.8333,
52.6196,255.967,132.392,
236.418,76.4267,255.967,
65.8109,255.967,74.1591,
2.55575,145.47,255.967,
255.967,209.851,196.178,
255.967,232.286,217.524,
247.339,177.381,255.967,
23.6,117.629,255.967,
255.967,248.899,6.47291,
192.164,79.3219,255.967,
14.1913,255.967,101.95,
2.47021,248.88,255.967,
19.6815,114.976,255.967,
170.774,255.967,238.736,
229.87,255.967,108.832,
132.089,255.967,227.799,
233.438,48.382,255.967,
7.12752,25.0117,255.967,
255.967,75.5976,152.067,
255.967,250.579,33.6067,
255.967,51.9309,22.5999,
255.967,217.317,58.8947,
216.687,165.173,255.967,
164.776,255.967,246.48,
225.174,88.7922,255.967,
255.967,85.4094,202.519,
255.967,251.603,242.895,
55.6989,65.8061,255.967,
95.068,1.49901,255.967,
255.967,116.366,216.805,
181.923,61.2365,255.967,
149.227,102.932,255.967,
244.66,255.967,199.465,
134.015,255.967,4.0128,
255.967,100.719,189.025,
255.967,243.531,240.305,
255.967,55.1744,149.894,
222.246,137.958,255.967,
93.7438,255.967,87.7764,
245.012,14.835,255.967,
255.967,65.3233,94.7149,
255.967,111.963,71.5887,
15.7462,222.122,255.967,
16.6586,63.6661,255.967,
164.597,184.057,255.967,
255.967,15.8636,207.265,
113.765,103.378,255.967,
244.604,255.967,63.5244,
180.345,78.1469,255.967,
206.398,255.967,163.432,
36.6468,15.7415,255.967,
64.6985,15.52,255.967,
140.269,17.5821,255.967,
17.3162,84.1364,255.967,
28.013,255.967,103.954,
177.647,255.967,92.7458,
255.967,254.901,8.50937,
255.967,39.4631,54.8557,
194.159,38.7826,255.967,
135.132,247.545,255.967,
216.197,255.967,142.893,
201.552,21.3422,255.967,
255.967,13.6442,148.294,
29.1213,255.967,142.927,
197.779,255.967,26.304,
87.6576,255.967,91.7464,
93.3796,255.967,92.9506,
13.3007,16.5308,255.967,
193.053,104.664,255.967,
71.3908,1.86342,255.967,
255.967,154.379,221.825,
214.17,255.967,245.911,
255.967,228.925,237.837,
110.517,100.915,255.967,
255.967,134.068,133.208,
255.967,55.986,15.4832,
255.967,62.1436,255.44,
104.464,148.719,255.967,
255.967,202.194,196.724,
145.762,9.63905,255.967,
242.138,255.967,1.27538,
134.635,255.967,218.611,
103.017,25.5272,255.967,
255.967,65.7382,227.473,
65.6417,255.967,211.036,
249.831,255.967,188.396,
255.967,27.4376,248.722,
255.967,32.8703,48.7468,
209.729,164.421,255.967,
253.371,255.967,252.819,
255.967,61.3688,239.873,
255.967,120.31,69.9041,
255.967,247.95,17.5713,
34.2621,255.967,232.626,
60.1519,19.0299,255.967,
123.345,193.695,255.967,
255.967,89.4368,167.298,
78.1812,255.967,49.5427,
139.84,255.967,173.151,
255.967,11.5784,41.9677,
69.6174,255.967,135.511,
154.992,51.6586,255.967,
217.785,255.967,145.106,
161.573,158.34,255.967,
255.967,102.041,237.524,
255.967,247.483,92.835,
255.967,51.6552,223.232,
192.435,255.967,153.406,
255.967,237.298,4.87457,
234.466,255.967,105.091,
255.967,220.256,90.1232,
255.967,130.028,252.783,
255.967,27.0671,216.948,
12.8815,6.9474,255.967,
211.789,255.967,191.667,
175.556,255.967,90.6815,
218.276,255.967,149.687,
255.967,37.4888,239.382,
203.914,124.132,255.967,
102.815,255.967,120.252,
28.2757,218.656,255.967,
175.095,132.755,255.967,
255.497,163.449,255.967,
234.365,75.4463,255.967,
255.967,61.9835,82.6509,
196.668,53.9981,255.967,
255.967,128.989,9.34761,
247.444,6.76724,255.967,
255.967,165.867,51.5305,
255.967,176.262,103.061,
174.651,108.166,255.967,
20.9921,170.658,255.967,
255.967,237.233,53.8183,
17.8414,79.9355,255.967,
255.967,156.665,175.063,
192.012,255.967,128.028,
87.0932,215.891,255.967,
149.462,4.14858,255.967,
53.8605,192.569,255.967,
255.967,211.029,7.22883,
255.967,20.4426,232.392,
170.874,183.134,255.967,
224.108,255.967,222.382,
127.456,183.216,255.967,
255.967,28.5758,102.455,
255.967,25.2808,18.4879,
211.097,123.371,255.967,
245.832,255.967,17.996,
199.627,26.5647,255.967,
145.107,255.967,255.454,
79.7685,255.967,60.8195,
148.394,255.967,175.402,
108.305,255.967,171.243,
3.99594,231.043,255.967,
209.647,246.482,255.967,
255.967,191.753,70.1676,
249.606,128.053,255.967,
167.653,255.967,247.489,
255.967,0.0731619,192.995,
49.7061,20.2351,255.967,
255.967,47.5826,235.871,
188.742,14.1777,255.967,
255.967,137.79,135.25,
51.0002,255.967,28.2545,
248.562,255.967,212.988,
74.2911,255.967,170.628,
66.99,218.637,255.967,
21.7311,255.967,34.8135,
191.629,255.967,198.145,
72.8931,54.0219,255.967,
255.967,95.3559,8.35674,
25.8768,186.246,255.967,
28.4789,255.967,237.96,
255.967,39.3246,176.791,
137.23,255.967,18.9469,
120.562,193.52,255.967,
255.967,46.7679,183.525,
255.967,81.7894,193.109,
41.921,255.967,129.102,
151.51,169.312,255.967,
242.192,255.967,222.061,
255.967,135.888,3.26009,
81.2538,120.707,255.967,
198.787,189.128,255.967,
255.967,107.52,139.619,
193.316,29.2556,255.967,
125.094,255.967,211.406,
255.967,244.639,225.508,
162.543,255.967,108.921,
26.4033,255.967,207.078,
184.098,255.967,255.306,
130.454,255.967,31.1411,
41.3915,154.554,255.967,
255.967,11.5339,45.8615,
174.859,255.967,206.783,
29.8548,255.967,253.807,
94.2125,255.967,72.2089,
240.997,255.967,158.749,
156.47,56.6247,255.967,
155.703,255.967,110.79,
217.066,238.509,255.967,
255.967,224.303,227.502,
190.614,198.762,255.967,
123.836,109.992,255.967,
133.503,39.0486,255.967,
6.62271,255.967,74.3797,
59.0413,46.0909,255.967,
60.4038,135.073,255.967,
117.662,158.517,255.967,
69.6946,255.967,110.888,
184.284,255.967,217.757,
159.746,255.967,5.71602,
255.967,186.241,71.5748,
185.665,255.967,18.7434,
255.967,149.734,34.0667,
220.86,173.757,255.967,
53.9045,255.967,253.84,
16.6824,98.3575,255.967,
241.305,82.0406,255.967,
193.596,105.118,255.967,
255.967,227.243,145.172,
171.748,160.558,255.967,
255.967,98.6489,133.934,
203.046,131.026,255.967,
255.967,226.731,63.935,
116.623,81.9078,255.967,
255.023,68.6047,255.967,
230.977,152.636,255.967,
110.674,255.967,154.32,
120.578,221.301,255.967,
89.4594,255.967,133.107,
152.363,169.14,255.967,
18.3966,2.93051,255.967,
164.547,255.967,234.331,
27.9649,255.967,19.9315,
255.967,13.8336,133.853,
255.967,197.916,239.704,
21.5891,255.967,166.035,
255.967,88.2814,147.986,
183.277,255.967,152.357,
255.967,234.834,162.051,
255.967,97.5335,181.658,
255.967,109.609,204.981,
223.706,51.2625,255.967,
185.359,181.287,255.967,
223.285,255.967,31.5829,
255.967,16.8303,120.144,
255.967,61.4244,223.602,
255.967,52.3719,13.8715,
128.441,59.9805,255.967,
255.967,213.807,5.22756,
193.301,255.967,179.576,
255.967,187.601,239.26,
64.6997,100.843,255.967,
51.0109,255.967,153.448,
255.967,28.8289,79.6138,
43.2186,255.967,111.315,
255.967,183.178,219.136,
255.967,60.7588,74.6155,
229.286,194.233,255.967,
39.541,255.967,213.26,
232.502,60.0769,255.967,
255.967,146.779,6.01963,
106.265,125.594,255.967,
126.179,97.2517,255.967,
148.354,76.6194,255.967,
255.967,33.6312,133.445,
255.967,39.9564,95.2541,
255.967,196.861,78.5311,
45.8408,255.967,202.347,
183.325,68.2307,255.967,
92.7674,70.285,255.967,
255.967,82.4945,210.524,
67.2572,42.7946,255.967,
255.967,106.662,110.046,
28.4423,255.967,155.323,
216.567,255.967,183.912,
255.967,91.9283,152.645,
255.967,121.982,50.1525,
246.509,97.3561,255.967,
150.434,152.219,255.967,
68.1167,255.967,53.0658,
110.662,255.967,175.075,
38.9402,65.572,255.967,
242.818,252.192,255.967,
255.967,28.1708,3.80535,
242.231,211.425,255.967,
255.967,212.48,219.353,
19.2747,213.589,255.967,
144.887,255.967,110.601,
255.967,18.2153,126.024,
255.967,75.5845,99.0909,
255.967,185.196,69.2985,
255.967,188.341,158.827,
255.967,196.87,220.429,
161.119,48.8995,255.967,
252.845,255.967,120.11,
130.399,255.967,196.141,
255.967,248.159,170.187,
150.651,255.967,121.27,
255.967,170.029,39.1727,
255.967,208.353,130.844,
168.223,255.967,29.2172,
156.886,172.586,255.967,
132.578,164.291,255.967,
234.966,255.967,8.83597,
201.24,255.967,35.9056,
49.4594,255.967,190.966,
255.967,175.18,137.964,
221.075,234.057,255.967,
4.64391,255.967,167.517,
255.967,177.2,136.657,
255.967,14.7583,152.588,
189.149,255.967,182.534,
255.967,79.6214,216.442,
33.7393,233.732,255.967,
255.967,223.942,254.483,
237.428,255.967,125.484,
255.967,13.6895,162.888,
255.967,86.6918,121.126,
255.967,167.508,116.744,
177.737,111.448,255.967,
112.593,255.967,235.821,
156.73,255.967,92.6883,
19.0421,255.967,117.048,
200.819,255.967,65.0857,
255.967,128.842,6.91464,
255.967,184.324,105.919,
115.428,255.967,78.7938,
70.905,4.74675,255.967,
255.967,215.239,253.32,
255.967,97.7779,12.0577,
135.594,255.967,86.5698,
255.967,120.145,172.807,
255.967,183.45,223.5,
34.9009,253.574,255.967,
233.298,255.967,76.1387,
255.967,232.148,110.369,
137.396,166.689,255.967,
209.733,196.138,255.967,
136.109,18.416,255.967,
226.002,255.967,138.614,
222.917,255.967,244.197,
255.967,243.722,182.225,
3.41924,106.025,255.967,
44.0794,189.321,255.967,
10.4126,255.967,9.84556,
6.86433,255.967,221.104,
255.967,231.593,151.845,
251.647,136.343,255.967,
55.5571,255.967,161.979,
195.724,255.967,155.504,
145.52,255.967,7.58866,
148.115,255.967,191.404,
125.083,53.2712,255.967,
71.8592,175.789,255.967,
251.068,255.967,252.045,
255.967,244.101,54.3136,
140.442,255.967,158.478,
255.967,142.319,183.386,
210.363,13.5139,255.967,
149.389,255.967,218.62,
255.967,188.295,158.81,
34.0391,197.7,255.967,
227.637,61.397,255.967,
69.2882,255.967,92.0128,
164.849,255.967,0.476403,
58.9101,69.7355,255.967,
133.71,143.574,255.967,
255.967,113.183,7.0231,
255.967,116.445,70.7769,
45.4929,255.967,15.8952,
255.967,60.1934,11.5277,
226.855,195.601,255.967,
86.2476,239.199,255.967,
215.864,159.791,255.967,
255.967,44.2606,110.687,
132.768,255.967,49.4643,
81.1099,37.0434,255.967,
155.369,255.967,52.9623,
241.068,219.09,255.967,
3.0102,39.4629,255.967,
253.954,255.967,166.805,
255.967,133.234,207.237,
255.967,221.901,59.3539,
128.176,255.967,108.112,
217.245,255.967,189.968,
246.213,97.005,255.967,
167.638,171.239,255.967,
89.7364,255.967,15.3037,
255.967,249.889,114.5,
205.14,5.84354,255.967,
255.967,218.313,195.032,
248.129,118.485,255.967,
228.049,255.967,161.89,
151.338,150.325,255.967,
255.967,211.396,222.948,
223.745,255.967,58.0332,
149.209,255.967,159.764,
128.535,183.679,255.967,
255.967,69.0521,103.564,
245.056,255.967,213.427,
255.967,55.4905,175.732,
168.424,255.967,212.989,
255.967,87.9238,254.771,
7.7813,255.967,206.805,
164.528,255.967,193.881,
255.967,230.936,237.349,
180.188,255.967,252.144,
210.735,255.967,196.173,
255.967,135.796,252.44,
110.118,48.4202,255.967,
112.006,255.967,185.533,
255.967,219.042,59.3287,
177.012,255.967,66.0583,
106.165,255.967,190.109,
255.967,228.399,118.974,
134.907,210.146,255.967,
79.297,255.967,72.2313,
182.135,255.967,30.6563,
255.967,36.2841,141.482,
255.967,228.09,28.9872,
0.0479453,255.967,23.506,
255.967,102.464,225.33,
255.967,115.653,16.9003,
175.322,255.967,5.80798,
27.1767,255.967,145.133,
67.8123,253.472,255.967,
255.967,103.469,5.20766,
68.9121,151.919,255.967,
255.967,35.2965,130.976,
163.168,235.726,255.967,
49.4764,172.359,255.967,
7.22856,99.0654,255.967,
205.341,255.967,163.432,
173.422,255.967,118.034,
255.967,227.993,127.161,
228.085,255.967,60.1167,
255.967,217.03,0.288372,
244.359,255.967,101.293,
22.6994,255.967,146.706,
55.2771,255.967,152.78,
46.0404,110.832,255.967,
9.47894,213.279,255.967,
255.967,174.419,255.951,
255.967,103.8,105.747,
206.75,111.206,255.967,
255.967,43.4498,165.397,
46.6083,26.4218,255.967,
255.967,142.012,157.408,
255.967,132.285,117.443,
255.967,116.686,10.5761,
255.967,209.706,102.065,
152.325,255.967,147.029,
189.334,255.967,185.012,
230.196,6.84858,255.967,
255.967,133.158,115.068,
142.471,255.967,48.8745,
255.967,199.713,80.1957,
255.967,106.735,206.284,
255.967,101.78,132.787,
248.789,255.967,125.528,
255.967,94.0416,83.809,
164.579,193.654,255.967,
215.786,255.967,63.8584,
37.8843,107.563,255.967,
47.2016,255.967,218.472,
255.967,174.59,134.959,
